paper_id	class_label
31336	Probabilistic_Methods
1061127	Probabilistic_Methods
1106406	Probabilistic_Methods
13195	Probabilistic_Methods
37879	Probabilistic_Methods
1126012	Probabilistic_Methods
1107140	Probabilistic_Methods
1102850	Probabilistic_Methods
31349	Probabilistic_Methods
1106418	Probabilistic_Methods
1123188	Probabilistic_Methods
1128990	Probabilistic_Methods
109323	Probabilistic_Methods
217139	Probabilistic_Methods
31353	Probabilistic_Methods
32083	Probabilistic_Methods
1126029	Probabilistic_Methods
1118017	Probabilistic_Methods
49482	Probabilistic_Methods
753265	Probabilistic_Methods
249858	Probabilistic_Methods
1113739	Probabilistic_Methods
48766	Probabilistic_Methods
646195	Probabilistic_Methods
1126050	Probabilistic_Methods
59626	Probabilistic_Methods
340299	Probabilistic_Methods
354004	Probabilistic_Methods
242637	Probabilistic_Methods
1106492	Probabilistic_Methods
74975	Probabilistic_Methods
1152272	Probabilistic_Methods
100701	Probabilistic_Methods
66982	Probabilistic_Methods
13960	Probabilistic_Methods
13966	Probabilistic_Methods
66990	Probabilistic_Methods
182093	Probabilistic_Methods
182094	Probabilistic_Methods
13972	Probabilistic_Methods
13982	Probabilistic_Methods
16819	Probabilistic_Methods
273152	Probabilistic_Methods
237521	Probabilistic_Methods
1153703	Probabilistic_Methods
32872	Probabilistic_Methods
284025	Probabilistic_Methods
218666	Probabilistic_Methods
16843	Probabilistic_Methods
1153724	Probabilistic_Methods
1153728	Probabilistic_Methods
158098	Probabilistic_Methods
8699	Probabilistic_Methods
1134865	Probabilistic_Methods
28456	Probabilistic_Methods
248425	Probabilistic_Methods
1112319	Probabilistic_Methods
28471	Probabilistic_Methods
175548	Probabilistic_Methods
696345	Probabilistic_Methods
28485	Probabilistic_Methods
1139195	Probabilistic_Methods
35778	Probabilistic_Methods
28491	Probabilistic_Methods
310530	Probabilistic_Methods
1153784	Probabilistic_Methods
1481	Probabilistic_Methods
1153786	Probabilistic_Methods
13212	Probabilistic_Methods
1111614	Probabilistic_Methods
5055	Probabilistic_Methods
4329	Probabilistic_Methods
330148	Probabilistic_Methods
1105062	Probabilistic_Methods
4330	Probabilistic_Methods
5062	Probabilistic_Methods
4335	Probabilistic_Methods
158812	Probabilistic_Methods
40124	Probabilistic_Methods
1103610	Probabilistic_Methods
688361	Probabilistic_Methods
302545	Probabilistic_Methods
20534	Probabilistic_Methods
1031453	Probabilistic_Methods
5086	Probabilistic_Methods
193742	Probabilistic_Methods
58268	Probabilistic_Methods
424	Probabilistic_Methods
40151	Probabilistic_Methods
636098	Probabilistic_Methods
260121	Probabilistic_Methods
950052	Probabilistic_Methods
434	Probabilistic_Methods
1131270	Probabilistic_Methods
1131274	Probabilistic_Methods
1131277	Probabilistic_Methods
1110947	Probabilistic_Methods
662279	Probabilistic_Methods
1139928	Probabilistic_Methods
153063	Probabilistic_Methods
134199	Probabilistic_Methods
641956	Probabilistic_Methods
20584	Probabilistic_Methods
1130567	Probabilistic_Methods
171225	Probabilistic_Methods
714879	Probabilistic_Methods
37998	Probabilistic_Methods
50336	Probabilistic_Methods
50337	Probabilistic_Methods
15429	Probabilistic_Methods
23448	Probabilistic_Methods
1122574	Probabilistic_Methods
1110998	Probabilistic_Methods
853150	Probabilistic_Methods
15431	Probabilistic_Methods
646286	Probabilistic_Methods
1152307	Probabilistic_Methods
1115291	Probabilistic_Methods
1106547	Probabilistic_Methods
68463	Probabilistic_Methods
59715	Probabilistic_Methods
69198	Probabilistic_Methods
7272	Probabilistic_Methods
163235	Probabilistic_Methods
7276	Probabilistic_Methods
34315	Probabilistic_Methods
644843	Probabilistic_Methods
7297	Probabilistic_Methods
628815	Probabilistic_Methods
35061	Probabilistic_Methods
68495	Probabilistic_Methods
1136310	Probabilistic_Methods
18313	Probabilistic_Methods
34355	Probabilistic_Methods
45212	Probabilistic_Methods
1153091	Probabilistic_Methods
8703	Probabilistic_Methods
126920	Probabilistic_Methods
126927	Probabilistic_Methods
595157	Probabilistic_Methods
140005	Probabilistic_Methods
1117476	Probabilistic_Methods
59798	Probabilistic_Methods
219446	Probabilistic_Methods
44514	Probabilistic_Methods
287787	Probabilistic_Methods
157401	Probabilistic_Methods
1154500	Probabilistic_Methods
682666	Probabilistic_Methods
399173	Probabilistic_Methods
198866	Probabilistic_Methods
51834	Probabilistic_Methods
200630	Probabilistic_Methods
782486	Probabilistic_Methods
1136393	Probabilistic_Methods
137849	Probabilistic_Methods
1153811	Probabilistic_Methods
24966	Probabilistic_Methods
11148	Probabilistic_Methods
51866	Probabilistic_Methods
24974	Probabilistic_Methods
137868	Probabilistic_Methods
28542	Probabilistic_Methods
35	Probabilistic_Methods
116021	Probabilistic_Methods
348305	Probabilistic_Methods
10430	Probabilistic_Methods
39403	Probabilistic_Methods
40	Probabilistic_Methods
282700	Probabilistic_Methods
1105116	Probabilistic_Methods
35854	Probabilistic_Methods
63477	Probabilistic_Methods
124064	Probabilistic_Methods
1120431	Probabilistic_Methods
949318	Probabilistic_Methods
649944	Probabilistic_Methods
63486	Probabilistic_Methods
1153866	Probabilistic_Methods
1140040	Probabilistic_Methods
1112426	Probabilistic_Methods
239800	Probabilistic_Methods
1131314	Probabilistic_Methods
1153891	Probabilistic_Methods
1129835	Probabilistic_Methods
310653	Probabilistic_Methods
1130600	Probabilistic_Methods
1111733	Probabilistic_Methods
210871	Probabilistic_Methods
210872	Probabilistic_Methods
1132083	Probabilistic_Methods
132806	Probabilistic_Methods
12631	Probabilistic_Methods
12638	Probabilistic_Methods
38771	Probabilistic_Methods
232605	Probabilistic_Methods
232606	Probabilistic_Methods
1107312	Probabilistic_Methods
1114605	Probabilistic_Methods
68505	Probabilistic_Methods
133553	Probabilistic_Methods
144408	Probabilistic_Methods
23502	Probabilistic_Methods
1108050	Probabilistic_Methods
23507	Probabilistic_Methods
83826	Probabilistic_Methods
133563	Probabilistic_Methods
85299	Probabilistic_Methods
49660	Probabilistic_Methods
593060	Probabilistic_Methods
341188	Probabilistic_Methods
714975	Probabilistic_Methods
1115375	Probabilistic_Methods
95435	Probabilistic_Methods
145176	Probabilistic_Methods
1113934	Probabilistic_Methods
1132809	Probabilistic_Methods
22835	Probabilistic_Methods
1153148	Probabilistic_Methods
41714	Probabilistic_Methods
1118245	Probabilistic_Methods
1152436	Probabilistic_Methods
1153166	Probabilistic_Methods
1153169	Probabilistic_Methods
38000	Probabilistic_Methods
1152448	Probabilistic_Methods
1137140	Probabilistic_Methods
30895	Probabilistic_Methods
5966	Probabilistic_Methods
1136422	Probabilistic_Methods
27174	Probabilistic_Methods
1128407	Probabilistic_Methods
1124844	Probabilistic_Methods
1153195	Probabilistic_Methods
1113995	Probabilistic_Methods
1136442	Probabilistic_Methods
8821	Probabilistic_Methods
46079	Probabilistic_Methods
119761	Probabilistic_Methods
1111052	Probabilistic_Methods
315789	Probabilistic_Methods
1108841	Probabilistic_Methods
1135746	Probabilistic_Methods
100935	Probabilistic_Methods
353541	Probabilistic_Methods
60682	Probabilistic_Methods
253762	Probabilistic_Methods
8872	Probabilistic_Methods
714260	Probabilistic_Methods
137956	Probabilistic_Methods
35922	Probabilistic_Methods
2354	Probabilistic_Methods
168410	Probabilistic_Methods
346292	Probabilistic_Methods
1153933	Probabilistic_Methods
1119751	Probabilistic_Methods
17798	Probabilistic_Methods
400356	Probabilistic_Methods
10531	Probabilistic_Methods
1110390	Probabilistic_Methods
714289	Probabilistic_Methods
733167	Probabilistic_Methods
81714	Probabilistic_Methods
428610	Probabilistic_Methods
552469	Probabilistic_Methods
164885	Probabilistic_Methods
81722	Probabilistic_Methods
111866	Probabilistic_Methods
194617	Probabilistic_Methods
93318	Probabilistic_Methods
134307	Probabilistic_Methods
203646	Probabilistic_Methods
367312	Probabilistic_Methods
650814	Probabilistic_Methods
93320	Probabilistic_Methods
134315	Probabilistic_Methods
134316	Probabilistic_Methods
976334	Probabilistic_Methods
1095507	Probabilistic_Methods
134320	Probabilistic_Methods
662416	Probabilistic_Methods
194645	Probabilistic_Methods
1131421	Probabilistic_Methods
161221	Probabilistic_Methods
38839	Probabilistic_Methods
38846	Probabilistic_Methods
133615	Probabilistic_Methods
1112574	Probabilistic_Methods
521207	Probabilistic_Methods
3828	Probabilistic_Methods
593105	Probabilistic_Methods
390693	Probabilistic_Methods
642847	Probabilistic_Methods
1122704	Probabilistic_Methods
4584	Probabilistic_Methods
7419	Probabilistic_Methods
30901	Probabilistic_Methods
1115456	Probabilistic_Methods
7432	Probabilistic_Methods
573553	Probabilistic_Methods
1022969	Probabilistic_Methods
143801	Probabilistic_Methods
612306	Probabilistic_Methods
417017	Probabilistic_Methods
396412	Probabilistic_Methods
1107455	Probabilistic_Methods
91975	Probabilistic_Methods
180187	Probabilistic_Methods
27203	Probabilistic_Methods
1152508	Probabilistic_Methods
69392	Probabilistic_Methods
1118332	Probabilistic_Methods
189577	Probabilistic_Methods
1114777	Probabilistic_Methods
75969	Probabilistic_Methods
1132922	Probabilistic_Methods
1153254	Probabilistic_Methods
1117618	Probabilistic_Methods
6767	Probabilistic_Methods
27241	Probabilistic_Methods
27246	Probabilistic_Methods
95589	Probabilistic_Methods
6771	Probabilistic_Methods
86840	Probabilistic_Methods
108962	Probabilistic_Methods
6786	Probabilistic_Methods
108963	Probabilistic_Methods
108974	Probabilistic_Methods
1117653	Probabilistic_Methods
1152569	Probabilistic_Methods
1132968	Probabilistic_Methods
370366	Probabilistic_Methods
108983	Probabilistic_Methods
399339	Probabilistic_Methods
64319	Probabilistic_Methods
1110426	Probabilistic_Methods
1102407	Probabilistic_Methods
1127812	Probabilistic_Methods
1128542	Probabilistic_Methods
65057	Probabilistic_Methods
159084	Probabilistic_Methods
159085	Probabilistic_Methods
65074	Probabilistic_Methods
33895	Probabilistic_Methods
2440	Probabilistic_Methods
1717	Probabilistic_Methods
249421	Probabilistic_Methods
3187	Probabilistic_Methods
591016	Probabilistic_Methods
1110494	Probabilistic_Methods
29492	Probabilistic_Methods
400473	Probabilistic_Methods
644334	Probabilistic_Methods
949511	Probabilistic_Methods
205192	Probabilistic_Methods
763009	Probabilistic_Methods
169280	Probabilistic_Methods
1120643	Probabilistic_Methods
645088	Probabilistic_Methods
5348	Probabilistic_Methods
124296	Probabilistic_Methods
1121398	Probabilistic_Methods
950305	Probabilistic_Methods
567018	Probabilistic_Methods
52000	Probabilistic_Methods
52003	Probabilistic_Methods
52007	Probabilistic_Methods
58540	Probabilistic_Methods
436796	Probabilistic_Methods
948846	Probabilistic_Methods
8213	Probabilistic_Methods
671293	Probabilistic_Methods
1131550	Probabilistic_Methods
899119	Probabilistic_Methods
1105394	Probabilistic_Methods
85452	Probabilistic_Methods
1112686	Probabilistic_Methods
69418	Probabilistic_Methods
8224	Probabilistic_Methods
145315	Probabilistic_Methods
575077	Probabilistic_Methods
20850	Probabilistic_Methods
44017	Probabilistic_Methods
1135125	Probabilistic_Methods
286562	Probabilistic_Methods
1123553	Probabilistic_Methods
1135137	Probabilistic_Methods
325314	Probabilistic_Methods
662572	Probabilistic_Methods
159897	Probabilistic_Methods
1130856	Probabilistic_Methods
96335	Probabilistic_Methods
755082	Probabilistic_Methods
1123576	Probabilistic_Methods
1103979	Probabilistic_Methods
593260	Probabilistic_Methods
601567	Probabilistic_Methods
1119140	Probabilistic_Methods
189655	Probabilistic_Methods
31769	Probabilistic_Methods
1107567	Probabilistic_Methods
88356	Probabilistic_Methods
1033	Probabilistic_Methods
1034	Probabilistic_Methods
1106849	Probabilistic_Methods
16470	Probabilistic_Methods
35343	Probabilistic_Methods
16471	Probabilistic_Methods
1154074	Probabilistic_Methods
16476	Probabilistic_Methods
23774	Probabilistic_Methods
16485	Probabilistic_Methods
136665	Probabilistic_Methods
94953	Probabilistic_Methods
9708	Probabilistic_Methods
38205	Probabilistic_Methods
645897	Probabilistic_Methods
216877	Probabilistic_Methods
18619	Probabilistic_Methods
559804	Probabilistic_Methods
6898	Probabilistic_Methods
166420	Probabilistic_Methods
787016	Probabilistic_Methods
73146	Probabilistic_Methods
1136634	Probabilistic_Methods
1111230	Probabilistic_Methods
3218	Probabilistic_Methods
3229	Probabilistic_Methods
193347	Probabilistic_Methods
84020	Probabilistic_Methods
3231	Probabilistic_Methods
52847	Probabilistic_Methods
193352	Probabilistic_Methods
193354	Probabilistic_Methods
1110531	Probabilistic_Methods
686532	Probabilistic_Methods
711598	Probabilistic_Methods
1063773	Probabilistic_Methods
3243	Probabilistic_Methods
78994	Probabilistic_Methods
181782	Probabilistic_Methods
284414	Probabilistic_Methods
114189	Probabilistic_Methods
686559	Probabilistic_Methods
253971	Probabilistic_Methods
1106103	Probabilistic_Methods
1114125	Probabilistic_Methods
75318	Probabilistic_Methods
45599	Probabilistic_Methods
97892	Probabilistic_Methods
446271	Probabilistic_Methods
1106112	Probabilistic_Methods
280876	Probabilistic_Methods
12182	Probabilistic_Methods
175909	Probabilistic_Methods
64484	Probabilistic_Methods
6125	Probabilistic_Methods
1120713	Probabilistic_Methods
1114153	Probabilistic_Methods
12197	Probabilistic_Methods
248823	Probabilistic_Methods
919885	Probabilistic_Methods
94229	Probabilistic_Methods
1120731	Probabilistic_Methods
23069	Probabilistic_Methods
6151	Probabilistic_Methods
6155	Probabilistic_Methods
23070	Probabilistic_Methods
644448	Probabilistic_Methods
1112723	Probabilistic_Methods
31097	Probabilistic_Methods
6169	Probabilistic_Methods
1106172	Probabilistic_Methods
6170	Probabilistic_Methods
211875	Probabilistic_Methods
1109017	Probabilistic_Methods
5454	Probabilistic_Methods
6184	Probabilistic_Methods
10796	Probabilistic_Methods
10798	Probabilistic_Methods
1120777	Probabilistic_Methods
86258	Probabilistic_Methods
154134	Probabilistic_Methods
6196	Probabilistic_Methods
20920	Probabilistic_Methods
20923	Probabilistic_Methods
22386	Probabilistic_Methods
1131639	Probabilistic_Methods
77515	Probabilistic_Methods
93555	Probabilistic_Methods
17201	Probabilistic_Methods
644494	Probabilistic_Methods
17208	Probabilistic_Methods
1125082	Probabilistic_Methods
1131647	Probabilistic_Methods
74698	Probabilistic_Methods
13652	Probabilistic_Methods
20942	Probabilistic_Methods
390894	Probabilistic_Methods
390896	Probabilistic_Methods
1125092	Probabilistic_Methods
13656	Probabilistic_Methods
1116347	Probabilistic_Methods
13658	Probabilistic_Methods
114966	Probabilistic_Methods
120013	Probabilistic_Methods
1117089	Probabilistic_Methods
57948	Probabilistic_Methods
334153	Probabilistic_Methods
160732	Probabilistic_Methods
1154103	Probabilistic_Methods
12946	Probabilistic_Methods
1104787	Probabilistic_Methods
17242	Probabilistic_Methods
321861	Probabilistic_Methods
189721	Probabilistic_Methods
1119211	Probabilistic_Methods
12960	Probabilistic_Methods
95718	Probabilistic_Methods
6910	Probabilistic_Methods
180373	Probabilistic_Methods
6917	Probabilistic_Methods
358884	Probabilistic_Methods
887	Probabilistic_Methods
180399	Probabilistic_Methods
358894	Probabilistic_Methods
1154169	Probabilistic_Methods
120084	Probabilistic_Methods
1120019	Probabilistic_Methods
1152711	Probabilistic_Methods
1154176	Probabilistic_Methods
424540	Probabilistic_Methods
1118546	Probabilistic_Methods
643003	Probabilistic_Methods
112099	Probabilistic_Methods
1104007	Probabilistic_Methods
1120049	Probabilistic_Methods
175256	Probabilistic_Methods
45605	Probabilistic_Methods
15889	Probabilistic_Methods
35490	Probabilistic_Methods
221302	Probabilistic_Methods
562123	Probabilistic_Methods
1104031	Probabilistic_Methods
1129442	Probabilistic_Methods
1129443	Probabilistic_Methods
1137466	Probabilistic_Methods
328370	Probabilistic_Methods
1103315	Probabilistic_Methods
12210	Probabilistic_Methods
1104055	Probabilistic_Methods
64519	Probabilistic_Methods
114	Probabilistic_Methods
1109873	Probabilistic_Methods
128	Probabilistic_Methods
12238	Probabilistic_Methods
1112099	Probabilistic_Methods
18774	Probabilistic_Methods
18777	Probabilistic_Methods
130	Probabilistic_Methods
23116	Probabilistic_Methods
948299	Probabilistic_Methods
6209	Probabilistic_Methods
197054	Probabilistic_Methods
6210	Probabilistic_Methods
6213	Probabilistic_Methods
6214	Probabilistic_Methods
6216	Probabilistic_Methods
6217	Probabilistic_Methods
2653	Probabilistic_Methods
2658	Probabilistic_Methods
753047	Probabilistic_Methods
188318	Probabilistic_Methods
74700	Probabilistic_Methods
67415	Probabilistic_Methods
6220	Probabilistic_Methods
2665	Probabilistic_Methods
28957	Probabilistic_Methods
143323	Probabilistic_Methods
340075	Probabilistic_Methods
1949	Probabilistic_Methods
1953	Probabilistic_Methods
1955	Probabilistic_Methods
1959	Probabilistic_Methods
390922	Probabilistic_Methods
22431	Probabilistic_Methods
1113541	Probabilistic_Methods
1132418	Probabilistic_Methods
628500	Probabilistic_Methods
648106	Probabilistic_Methods
1104809	Probabilistic_Methods
4804	Probabilistic_Methods
648112	Probabilistic_Methods
33301	Probabilistic_Methods
33303	Probabilistic_Methods
267824	Probabilistic_Methods
1138970	Probabilistic_Methods
13717	Probabilistic_Methods
1131719	Probabilistic_Methods
1120866	Probabilistic_Methods
1106287	Probabilistic_Methods
755217	Probabilistic_Methods
647408	Probabilistic_Methods
1116410	Probabilistic_Methods
1132459	Probabilistic_Methods
1105574	Probabilistic_Methods
1133196	Probabilistic_Methods
307336	Probabilistic_Methods
906	Probabilistic_Methods
1131745	Probabilistic_Methods
1131748	Probabilistic_Methods
910	Probabilistic_Methods
943	Probabilistic_Methods
31927	Probabilistic_Methods
101261	Probabilistic_Methods
101263	Probabilistic_Methods
31932	Probabilistic_Methods
779960	Probabilistic_Methods
1135358	Probabilistic_Methods
1154230	Probabilistic_Methods
1135368	Probabilistic_Methods
28227	Probabilistic_Methods
32688	Probabilistic_Methods
189856	Probabilistic_Methods
27510	Probabilistic_Methods
27514	Probabilistic_Methods
1154276	Probabilistic_Methods
27530	Probabilistic_Methods
1152821	Probabilistic_Methods
28265	Probabilistic_Methods
103430	Probabilistic_Methods
27543	Probabilistic_Methods
39126	Probabilistic_Methods
28278	Probabilistic_Methods
39131	Probabilistic_Methods
10169	Probabilistic_Methods
28287	Probabilistic_Methods
1129518	Probabilistic_Methods
1272	Probabilistic_Methods
194223	Probabilistic_Methods
10177	Probabilistic_Methods
18811	Probabilistic_Methods
18812	Probabilistic_Methods
73327	Probabilistic_Methods
1117942	Probabilistic_Methods
15984	Probabilistic_Methods
202522	Probabilistic_Methods
1152858	Probabilistic_Methods
1152859	Probabilistic_Methods
10183	Probabilistic_Methods
81350	Probabilistic_Methods
259126	Probabilistic_Methods
13024	Probabilistic_Methods
1120170	Probabilistic_Methods
46452	Probabilistic_Methods
26850	Probabilistic_Methods
18832	Probabilistic_Methods
18833	Probabilistic_Methods
82098	Probabilistic_Methods
103482	Probabilistic_Methods
158614	Probabilistic_Methods
46468	Probabilistic_Methods
71904	Probabilistic_Methods
80656	Probabilistic_Methods
29708	Probabilistic_Methods
1128839	Probabilistic_Methods
1128846	Probabilistic_Methods
12330	Probabilistic_Methods
240321	Probabilistic_Methods
1128853	Probabilistic_Methods
219976	Probabilistic_Methods
38480	Probabilistic_Methods
12350	Probabilistic_Methods
1104191	Probabilistic_Methods
7022	Probabilistic_Methods
63931	Probabilistic_Methods
68224	Probabilistic_Methods
1110768	Probabilistic_Methods
384428	Probabilistic_Methods
1107041	Probabilistic_Methods
1114352	Probabilistic_Methods
1107062	Probabilistic_Methods
288	Probabilistic_Methods
1107067	Probabilistic_Methods
91581	Probabilistic_Methods
39904	Probabilistic_Methods
6334	Probabilistic_Methods
123825	Probabilistic_Methods
23258	Probabilistic_Methods
66805	Probabilistic_Methods
6346	Probabilistic_Methods
55968	Probabilistic_Methods
368431	Probabilistic_Methods
179702	Probabilistic_Methods
1140547	Probabilistic_Methods
1114388	Probabilistic_Methods
90888	Probabilistic_Methods
510715	Probabilistic_Methods
33412	Probabilistic_Methods
188471	Probabilistic_Methods
1152143	Probabilistic_Methods
1120962	Probabilistic_Methods
1125258	Probabilistic_Methods
648232	Probabilistic_Methods
143476	Probabilistic_Methods
1152150	Probabilistic_Methods
1117249	Probabilistic_Methods
25413	Probabilistic_Methods
1152162	Probabilistic_Methods
241821	Probabilistic_Methods
350362	Probabilistic_Methods
1116530	Probabilistic_Methods
61069	Probabilistic_Methods
1110000	Probabilistic_Methods
646809	Probabilistic_Methods
1105698	Probabilistic_Methods
1152194	Probabilistic_Methods
198653	Probabilistic_Methods
1116569	Probabilistic_Methods
77758	Probabilistic_Methods
854434	Probabilistic_Methods
1128151	Probabilistic_Methods
1123867	Probabilistic_Methods
191404	Probabilistic_Methods
1116594	Probabilistic_Methods
126793	Probabilistic_Methods
43639	Probabilistic_Methods
44368	Probabilistic_Methods
97390	Probabilistic_Methods
87915	Probabilistic_Methods
131117	Probabilistic_Methods
8581	Probabilistic_Methods
27606	Probabilistic_Methods
1115886	Probabilistic_Methods
184157	Probabilistic_Methods
8594	Probabilistic_Methods
1152904	Probabilistic_Methods
1120211	Probabilistic_Methods
28350	Probabilistic_Methods
1152910	Probabilistic_Methods
27627	Probabilistic_Methods
649731	Probabilistic_Methods
308920	Probabilistic_Methods
289780	Probabilistic_Methods
289781	Probabilistic_Methods
19621	Probabilistic_Methods
1129608	Probabilistic_Methods
1365	Probabilistic_Methods
103543	Probabilistic_Methods
28387	Probabilistic_Methods
28389	Probabilistic_Methods
43698	Probabilistic_Methods
54550	Probabilistic_Methods
1129621	Probabilistic_Methods
46536	Probabilistic_Methods
1129629	Probabilistic_Methods
294126	Probabilistic_Methods
568857	Probabilistic_Methods
447224	Probabilistic_Methods
38537	Probabilistic_Methods
1152975	Probabilistic_Methods
34979	Probabilistic_Methods
1104261	Probabilistic_Methods
139865	Probabilistic_Methods
56709	Probabilistic_Methods
1128945	Probabilistic_Methods
19697	Probabilistic_Methods
107177	Probabilistic_Methods
1131165	Probabilistic_Methods
1128959	Probabilistic_Methods
152219	Probabilistic_Methods
184918	Probabilistic_Methods
16008	Probabilistic_Methods
1122425	Probabilistic_Methods
928873	Probabilistic_Methods
206259	Probabilistic_Methods
714748	Probabilistic_Methods
1131189	Probabilistic_Methods
217115	Probabilistic_Methods
560936	Probabilistic_Methods
1131198	Probabilistic_Methods
1128985	Probabilistic_Methods
466170	Probabilistic_Methods
429805	Probabilistic_Methods
561674	Probabilistic_Methods
654177	Probabilistic_Methods
95225	Probabilistic_Methods
37884	Probabilistic_Methods
37888	Probabilistic_Methods
1128997	Probabilistic_Methods
545647	Probabilistic_Methods
42207	Probabilistic_Methods
42209	Probabilistic_Methods
82920	Probabilistic_Methods
128202	Probabilistic_Methods
128203	Probabilistic_Methods
1134056	Probabilistic_Methods
1102873	Probabilistic_Methods
42221	Probabilistic_Methods
1107171	Probabilistic_Methods
1133338	Probabilistic_Methods
67633	Probabilistic_Methods
375825	Probabilistic_Methods
48781	Probabilistic_Methods
75674	Probabilistic_Methods
289088	Probabilistic_Methods
1152244	Probabilistic_Methods
13917	Probabilistic_Methods
75695	Probabilistic_Methods
34257	Probabilistic_Methods
1117348	Probabilistic_Methods
574710	Probabilistic_Methods
34263	Probabilistic_Methods
1128204	Probabilistic_Methods
34266	Probabilistic_Methods
1128208	Probabilistic_Methods
1116629	Probabilistic_Methods
110162	Probabilistic_Methods
110163	Probabilistic_Methods
110164	Probabilistic_Methods
628751	Probabilistic_Methods
708945	Probabilistic_Methods
1123926	Probabilistic_Methods
1152277	Probabilistic_Methods
77826	Probabilistic_Methods
77829	Probabilistic_Methods
8617	Probabilistic_Methods
242663	Probabilistic_Methods
8619	Probabilistic_Methods
628764	Probabilistic_Methods
628766	Probabilistic_Methods
1125393	Probabilistic_Methods
66986	Probabilistic_Methods
646913	Probabilistic_Methods
578309	Probabilistic_Methods
18251	Probabilistic_Methods
1152290	Probabilistic_Methods
954315	Probabilistic_Methods
212107	Probabilistic_Methods
578337	Probabilistic_Methods
907845	Probabilistic_Methods
1127530	Probabilistic_Methods
1128267	Probabilistic_Methods
28412	Probabilistic_Methods
594387	Probabilistic_Methods
1127541	Probabilistic_Methods
44455	Probabilistic_Methods
45188	Probabilistic_Methods
45189	Probabilistic_Methods
62607	Probabilistic_Methods
1127551	Probabilistic_Methods
1123991	Probabilistic_Methods
1127558	Probabilistic_Methods
105057	Probabilistic_Methods
1128291	Probabilistic_Methods
1127566	Probabilistic_Methods
1154459	Probabilistic_Methods
218682	Probabilistic_Methods
28447	Probabilistic_Methods
1153736	Probabilistic_Methods
62634	Probabilistic_Methods
211432	Probabilistic_Methods
112378	Probabilistic_Methods
1113035	Probabilistic_Methods
1118848	Probabilistic_Methods
137790	Probabilistic_Methods
217984	Probabilistic_Methods
949217	Probabilistic_Methods
28473	Probabilistic_Methods
1104300	Probabilistic_Methods
1105033	Probabilistic_Methods
11093	Probabilistic_Methods
696342	Probabilistic_Methods
696343	Probabilistic_Methods
696346	Probabilistic_Methods
28487	Probabilistic_Methods
5038	Probabilistic_Methods
195150	Probabilistic_Methods
62676	Probabilistic_Methods
13213	Probabilistic_Methods
576973	Probabilistic_Methods
35797	Probabilistic_Methods
134128	Probabilistic_Methods
166825	Probabilistic_Methods
175576	Probabilistic_Methods
509379	Probabilistic_Methods
1113084	Probabilistic_Methods
53942	Probabilistic_Methods
642621	Probabilistic_Methods
1131236	Probabilistic_Methods
1112369	Probabilistic_Methods
446610	Probabilistic_Methods
644093	Probabilistic_Methods
411092	Probabilistic_Methods
642641	Probabilistic_Methods
408885	Probabilistic_Methods
1131258	Probabilistic_Methods
1131267	Probabilistic_Methods
13269	Probabilistic_Methods
1104379	Probabilistic_Methods
1114502	Probabilistic_Methods
1107215	Probabilistic_Methods
83725	Probabilistic_Methods
84459	Probabilistic_Methods
642681	Probabilistic_Methods
445938	Probabilistic_Methods
1103676	Probabilistic_Methods
1130568	Probabilistic_Methods
1153003	Probabilistic_Methods
51045	Probabilistic_Methods
12576	Probabilistic_Methods
144330	Probabilistic_Methods
105865	Probabilistic_Methods
51052	Probabilistic_Methods
746058	Probabilistic_Methods
1153014	Probabilistic_Methods
641976	Probabilistic_Methods
561789	Probabilistic_Methods
1130586	Probabilistic_Methods
368605	Probabilistic_Methods
1133428	Probabilistic_Methods
1113828	Probabilistic_Methods
129042	Probabilistic_Methods
129045	Probabilistic_Methods
6539	Probabilistic_Methods
1153031	Probabilistic_Methods
1122580	Probabilistic_Methods
1132706	Probabilistic_Methods
1152308	Probabilistic_Methods
105899	Probabilistic_Methods
50354	Probabilistic_Methods
1121867	Probabilistic_Methods
1113852	Probabilistic_Methods
1153056	Probabilistic_Methods
94641	Probabilistic_Methods
1153065	Probabilistic_Methods
1133469	Probabilistic_Methods
35070	Probabilistic_Methods
576257	Probabilistic_Methods
368657	Probabilistic_Methods
1129018	Probabilistic_Methods
263069	Probabilistic_Methods
1129027	Probabilistic_Methods
1152358	Probabilistic_Methods
1125467	Probabilistic_Methods
1125469	Probabilistic_Methods
72101	Probabilistic_Methods
40922	Probabilistic_Methods
1153097	Probabilistic_Methods
1109439	Probabilistic_Methods
423463	Probabilistic_Methods
128383	Probabilistic_Methods
683360	Probabilistic_Methods
1129040	Probabilistic_Methods
52515	Probabilistic_Methods
41666	Probabilistic_Methods
1128319	Probabilistic_Methods
1152379	Probabilistic_Methods
1136342	Probabilistic_Methods
1125492	Probabilistic_Methods
1108728	Probabilistic_Methods
265203	Probabilistic_Methods
628888	Probabilistic_Methods
1127619	Probabilistic_Methods
56112	Probabilistic_Methods
56115	Probabilistic_Methods
56119	Probabilistic_Methods
89547	Probabilistic_Methods
51831	Probabilistic_Methods
91038	Probabilistic_Methods
96847	Probabilistic_Methods
521855	Probabilistic_Methods
594483	Probabilistic_Methods
1119623	Probabilistic_Methods
96851	Probabilistic_Methods
1136397	Probabilistic_Methods
158172	Probabilistic_Methods
1127657	Probabilistic_Methods
131315	Probabilistic_Methods
131318	Probabilistic_Methods
289945	Probabilistic_Methods
62718	Probabilistic_Methods
229635	Probabilistic_Methods
56167	Probabilistic_Methods
1119654	Probabilistic_Methods
51879	Probabilistic_Methods
10435	Probabilistic_Methods
137873	Probabilistic_Methods
168332	Probabilistic_Methods
330208	Probabilistic_Methods
689152	Probabilistic_Methods
1120444	Probabilistic_Methods
1153877	Probabilistic_Methods
111770	Probabilistic_Methods
1153879	Probabilistic_Methods
108047	Probabilistic_Methods
1131300	Probabilistic_Methods
362926	Probabilistic_Methods
129896	Probabilistic_Methods
129897	Probabilistic_Methods
59045	Probabilistic_Methods
1153889	Probabilistic_Methods
239810	Probabilistic_Methods
20601	Probabilistic_Methods
20602	Probabilistic_Methods
416964	Probabilistic_Methods
38722	Probabilistic_Methods
72908	Probabilistic_Methods
116081	Probabilistic_Methods
1153897	Probabilistic_Methods
116084	Probabilistic_Methods
116087	Probabilistic_Methods
1113182	Probabilistic_Methods
1131330	Probabilistic_Methods
582139	Probabilistic_Methods
561809	Probabilistic_Methods
14062	Probabilistic_Methods
1104449	Probabilistic_Methods
39474	Probabilistic_Methods
27895	Probabilistic_Methods
167670	Probabilistic_Methods
1131345	Probabilistic_Methods
1131348	Probabilistic_Methods
14083	Probabilistic_Methods
1103737	Probabilistic_Methods
65650	Probabilistic_Methods
93273	Probabilistic_Methods
65653	Probabilistic_Methods
5194	Probabilistic_Methods
14090	Probabilistic_Methods
1131360	Probabilistic_Methods
1130634	Probabilistic_Methods
976284	Probabilistic_Methods
1130637	Probabilistic_Methods
593022	Probabilistic_Methods
1131374	Probabilistic_Methods
975567	Probabilistic_Methods
133550	Probabilistic_Methods
145134	Probabilistic_Methods
1130653	Probabilistic_Methods
1130657	Probabilistic_Methods
1104495	Probabilistic_Methods
133566	Probabilistic_Methods
133567	Probabilistic_Methods
1122642	Probabilistic_Methods
1114629	Probabilistic_Methods
91852	Probabilistic_Methods
91853	Probabilistic_Methods
376704	Probabilistic_Methods
1153101	Probabilistic_Methods
32276	Probabilistic_Methods
1130678	Probabilistic_Methods
83847	Probabilistic_Methods
8079	Probabilistic_Methods
593068	Probabilistic_Methods
285675	Probabilistic_Methods
1130680	Probabilistic_Methods
1106630	Probabilistic_Methods
278394	Probabilistic_Methods
285687	Probabilistic_Methods
69284	Probabilistic_Methods
6639	Probabilistic_Methods
14807	Probabilistic_Methods
152483	Probabilistic_Methods
683404	Probabilistic_Methods
593091	Probabilistic_Methods
1117501	Probabilistic_Methods
99023	Probabilistic_Methods
99025	Probabilistic_Methods
513189	Probabilistic_Methods
1152421	Probabilistic_Methods
1153150	Probabilistic_Methods
99030	Probabilistic_Methods
1105932	Probabilistic_Methods
1153160	Probabilistic_Methods
1106671	Probabilistic_Methods
531348	Probabilistic_Methods
577086	Probabilistic_Methods
531351	Probabilistic_Methods
25702	Probabilistic_Methods
87482	Probabilistic_Methods
135765	Probabilistic_Methods
135766	Probabilistic_Methods
1132864	Probabilistic_Methods
22886	Probabilistic_Methods
1118286	Probabilistic_Methods
162664	Probabilistic_Methods
1109542	Probabilistic_Methods
1116835	Probabilistic_Methods
1116839	Probabilistic_Methods
1103016	Probabilistic_Methods
1128425	Probabilistic_Methods
1116842	Probabilistic_Methods
1136446	Probabilistic_Methods
1136447	Probabilistic_Methods
27199	Probabilistic_Methods
1125597	Probabilistic_Methods
1132887	Probabilistic_Methods
593813	Probabilistic_Methods
594543	Probabilistic_Methods
917493	Probabilistic_Methods
1128430	Probabilistic_Methods
51909	Probabilistic_Methods
1108834	Probabilistic_Methods
1128437	Probabilistic_Methods
989397	Probabilistic_Methods
97645	Probabilistic_Methods
8832	Probabilistic_Methods
1103031	Probabilistic_Methods
346243	Probabilistic_Methods
1119708	Probabilistic_Methods
36620	Probabilistic_Methods
25772	Probabilistic_Methods
640617	Probabilistic_Methods
8865	Probabilistic_Methods
950986	Probabilistic_Methods
35905	Probabilistic_Methods
8875	Probabilistic_Methods
25791	Probabilistic_Methods
100961	Probabilistic_Methods
738941	Probabilistic_Methods
64271	Probabilistic_Methods
3084	Probabilistic_Methods
3085	Probabilistic_Methods
28649	Probabilistic_Methods
3095	Probabilistic_Methods
3097	Probabilistic_Methods
1153943	Probabilistic_Methods
1121254	Probabilistic_Methods
74427	Probabilistic_Methods
231249	Probabilistic_Methods
1105221	Probabilistic_Methods
28674	Probabilistic_Methods
1129907	Probabilistic_Methods
650807	Probabilistic_Methods
348437	Probabilistic_Methods
1688	Probabilistic_Methods
33013	Probabilistic_Methods
38829	Probabilistic_Methods
307015	Probabilistic_Methods
127033	Probabilistic_Methods
310742	Probabilistic_Methods
1694	Probabilistic_Methods
650834	Probabilistic_Methods
1131420	Probabilistic_Methods
193918	Probabilistic_Methods
85324	Probabilistic_Methods
642827	Probabilistic_Methods
38845	Probabilistic_Methods
193931	Probabilistic_Methods
193932	Probabilistic_Methods
4553	Probabilistic_Methods
1116146	Probabilistic_Methods
85352	Probabilistic_Methods
261040	Probabilistic_Methods
145215	Probabilistic_Methods
646412	Probabilistic_Methods
1131464	Probabilistic_Methods
1131466	Probabilistic_Methods
574264	Probabilistic_Methods
458439	Probabilistic_Methods
57764	Probabilistic_Methods
646440	Probabilistic_Methods
1111899	Probabilistic_Methods
521252	Probabilistic_Methods
1115471	Probabilistic_Methods
1123493	Probabilistic_Methods
601462	Probabilistic_Methods
421481	Probabilistic_Methods
385572	Probabilistic_Methods
30934	Probabilistic_Methods
84695	Probabilistic_Methods
189566	Probabilistic_Methods
69397	Probabilistic_Methods
6741	Probabilistic_Methods
177998	Probabilistic_Methods
395725	Probabilistic_Methods
61417	Probabilistic_Methods
54129	Probabilistic_Methods
1118347	Probabilistic_Methods
1106764	Probabilistic_Methods
102406	Probabilistic_Methods
75972	Probabilistic_Methods
95579	Probabilistic_Methods
54132	Probabilistic_Methods
27243	Probabilistic_Methods
1153262	Probabilistic_Methods
1153264	Probabilistic_Methods
30973	Probabilistic_Methods
1129208	Probabilistic_Methods
1106771	Probabilistic_Methods
27249	Probabilistic_Methods
95586	Probabilistic_Methods
95588	Probabilistic_Methods
255233	Probabilistic_Methods
6775	Probabilistic_Methods
129287	Probabilistic_Methods
27250	Probabilistic_Methods
19231	Probabilistic_Methods
1153275	Probabilistic_Methods
1132948	Probabilistic_Methods
1106789	Probabilistic_Methods
95597	Probabilistic_Methods
6784	Probabilistic_Methods
682815	Probabilistic_Methods
1153280	Probabilistic_Methods
148170	Probabilistic_Methods
263279	Probabilistic_Methods
1116922	Probabilistic_Methods
1152564	Probabilistic_Methods
1118388	Probabilistic_Methods
851968	Probabilistic_Methods
3101	Probabilistic_Methods
1129243	Probabilistic_Methods
170798	Probabilistic_Methods
3112	Probabilistic_Methods
503877	Probabilistic_Methods
17821	Probabilistic_Methods
503883	Probabilistic_Methods
561238	Probabilistic_Methods
1110438	Probabilistic_Methods
575795	Probabilistic_Methods
1116974	Probabilistic_Methods
272720	Probabilistic_Methods
415693	Probabilistic_Methods
18582	Probabilistic_Methods
11325	Probabilistic_Methods
11326	Probabilistic_Methods
1103162	Probabilistic_Methods
1111186	Probabilistic_Methods
578645	Probabilistic_Methods
578646	Probabilistic_Methods
578649	Probabilistic_Methods
1121313	Probabilistic_Methods
11335	Probabilistic_Methods
1102442	Probabilistic_Methods
11339	Probabilistic_Methods
52784	Probabilistic_Methods
11342	Probabilistic_Methods
1130080	Reinforcement_Learning
3191	Probabilistic_Methods
3192	Probabilistic_Methods
400455	Probabilistic_Methods
1135899	Probabilistic_Methods
591017	Probabilistic_Methods
751408	Probabilistic_Methods
1140230	Probabilistic_Methods
1140231	Probabilistic_Methods
1106052	Probabilistic_Methods
70970	Probabilistic_Methods
67245	Probabilistic_Methods
67246	Probabilistic_Methods
205196	Probabilistic_Methods
135130	Probabilistic_Methods
123556	Probabilistic_Methods
645084	Probabilistic_Methods
1786	Probabilistic_Methods
66556	Probabilistic_Methods
1130808	Probabilistic_Methods
4649	Probabilistic_Methods
582343	Probabilistic_Methods
395075	Probabilistic_Methods
582349	Probabilistic_Methods
20833	Probabilistic_Methods
1131549	Probabilistic_Methods
58552	Probabilistic_Methods
85449	Probabilistic_Methods
49811	Probabilistic_Methods
77438	Probabilistic_Methods
4660	Probabilistic_Methods
66594	Probabilistic_Methods
66596	Probabilistic_Methods
314459	Probabilistic_Methods
1116268	Probabilistic_Methods
1103960	Probabilistic_Methods
49843	Probabilistic_Methods
1103969	Probabilistic_Methods
593240	Probabilistic_Methods
207395	Probabilistic_Methods
593248	Probabilistic_Methods
943087	Probabilistic_Methods
7532	Probabilistic_Methods
7537	Probabilistic_Methods
25181	Probabilistic_Methods
25184	Probabilistic_Methods
16437	Probabilistic_Methods
1103985	Probabilistic_Methods
6814	Probabilistic_Methods
6818	Probabilistic_Methods
1154042	Probabilistic_Methods
23738	Probabilistic_Methods
1107558	Probabilistic_Methods
137359	Probabilistic_Methods
16451	Probabilistic_Methods
318071	Probabilistic_Methods
232860	Probabilistic_Methods
1107572	Probabilistic_Methods
49895	Probabilistic_Methods
16474	Probabilistic_Methods
1154076	Probabilistic_Methods
626999	Probabilistic_Methods
137380	Probabilistic_Methods
1119178	Probabilistic_Methods
33904	Probabilistic_Methods
1119180	Probabilistic_Methods
33907	Probabilistic_Methods
174418	Probabilistic_Methods
70281	Probabilistic_Methods
73119	Probabilistic_Methods
9716	Probabilistic_Methods
174425	Probabilistic_Methods
416455	Probabilistic_Methods
18615	Probabilistic_Methods
127940	Reinforcement_Learning
1152663	Probabilistic_Methods
675649	Probabilistic_Methods
1117760	Probabilistic_Methods
1138091	Probabilistic_Methods
1152673	Probabilistic_Methods
321004	Probabilistic_Methods
139547	Probabilistic_Methods
45533	Probabilistic_Methods
3217	Probabilistic_Methods
1111240	Probabilistic_Methods
523574	Probabilistic_Methods
1110515	Probabilistic_Methods
73162	Probabilistic_Methods
52835	Probabilistic_Methods
3220	Probabilistic_Methods
3223	Probabilistic_Methods
1129367	Probabilistic_Methods
1129368	Probabilistic_Methods
1129369	Probabilistic_Methods
84021	Probabilistic_Methods
1127913	Probabilistic_Methods
3233	Probabilistic_Methods
3235	Probabilistic_Methods
3236	Probabilistic_Methods
562067	Probabilistic_Methods
3240	Probabilistic_Methods
92065	Probabilistic_Methods
213246	Probabilistic_Methods
911198	Probabilistic_Methods
12158	Probabilistic_Methods
20178	Probabilistic_Methods
20179	Probabilistic_Methods
80491	Probabilistic_Methods
561364	Probabilistic_Methods
20180	Probabilistic_Methods
245955	Probabilistic_Methods
1102548	Probabilistic_Methods
1817	Probabilistic_Methods
31043	Probabilistic_Methods
1102550	Probabilistic_Methods
20193	Probabilistic_Methods
1110579	Probabilistic_Methods
213279	Probabilistic_Methods
1133010	Probabilistic_Methods
157761	Probabilistic_Methods
31055	Probabilistic_Methods
12194	Probabilistic_Methods
1133028	Probabilistic_Methods
578780	Probabilistic_Methods
12198	Probabilistic_Methods
12199	Probabilistic_Methods
90655	Probabilistic_Methods
6130	Probabilistic_Methods
337766	Probabilistic_Methods
112787	Probabilistic_Methods
1133047	Probabilistic_Methods
1105428	Probabilistic_Methods
785678	Probabilistic_Methods
644441	Probabilistic_Methods
672064	Probabilistic_Methods
41216	Probabilistic_Methods
1105433	Probabilistic_Methods
1113459	Probabilistic_Methods
55770	Probabilistic_Methods
6163	Probabilistic_Methods
259701	Probabilistic_Methods
259702	Probabilistic_Methods
1131607	Probabilistic_Methods
430329	Probabilistic_Methods
643734	Probabilistic_Methods
643735	Probabilistic_Methods
656048	Probabilistic_Methods
1131611	Probabilistic_Methods
617575	Probabilistic_Methods
1105450	Probabilistic_Methods
15076	Probabilistic_Methods
10793	Probabilistic_Methods
1117049	Probabilistic_Methods
647315	Probabilistic_Methods
33231	Probabilistic_Methods
1116328	Probabilistic_Methods
1104749	Probabilistic_Methods
594025	Probabilistic_Methods
315266	Probabilistic_Methods
643777	Probabilistic_Methods
1130927	Probabilistic_Methods
1132385	Probabilistic_Methods
1108329	Probabilistic_Methods
1130929	Probabilistic_Methods
1104769	Probabilistic_Methods
594047	Probabilistic_Methods
1130931	Probabilistic_Methods
1130934	Probabilistic_Methods
141868	Probabilistic_Methods
593329	Probabilistic_Methods
144701	Probabilistic_Methods
574462	Probabilistic_Methods
60170	Probabilistic_Methods
120039	Probabilistic_Methods
502574	Probabilistic_Methods
293974	Probabilistic_Methods
1119216	Probabilistic_Methods
1108363	Probabilistic_Methods
191216	Probabilistic_Methods
469504	Probabilistic_Methods
358866	Probabilistic_Methods
1116397	Probabilistic_Methods
191222	Probabilistic_Methods
36145	Probabilistic_Methods
1115677	Probabilistic_Methods
577331	Probabilistic_Methods
31863	Probabilistic_Methods
566488	Probabilistic_Methods
358887	Probabilistic_Methods
6935	Probabilistic_Methods
6939	Probabilistic_Methods
197783	Probabilistic_Methods
34708	Probabilistic_Methods
1107674	Probabilistic_Methods
248119	Probabilistic_Methods
318187	Probabilistic_Methods
1152714	Probabilistic_Methods
1154173	Probabilistic_Methods
300071	Probabilistic_Methods
1120020	Probabilistic_Methods
423816	Probabilistic_Methods
1106966	Probabilistic_Methods
148341	Probabilistic_Methods
136766	Probabilistic_Methods
325497	Probabilistic_Methods
136767	Probabilistic_Methods
136768	Probabilistic_Methods
409255	Probabilistic_Methods
1152740	Probabilistic_Methods
1117833	Probabilistic_Methods
309476	Probabilistic_Methods
1120059	Probabilistic_Methods
80515	Probabilistic_Methods
65212	Probabilistic_Methods
15892	Probabilistic_Methods
1120084	Probabilistic_Methods
576691	Probabilistic_Methods
148399	Probabilistic_Methods
175291	Probabilistic_Methods
1112071	Probabilistic_Methods
117	Probabilistic_Methods
157805	Probabilistic_Methods
300806	Probabilistic_Methods
31105	Probabilistic_Methods
154982	Probabilistic_Methods
141160	Probabilistic_Methods
112813	Probabilistic_Methods
98693	Probabilistic_Methods
98698	Probabilistic_Methods
192734	Probabilistic_Methods
12247	Probabilistic_Methods
1109891	Probabilistic_Methods
141171	Probabilistic_Methods
312409	Probabilistic_Methods
608190	Probabilistic_Methods
608191	Probabilistic_Methods
55801	Probabilistic_Methods
1136791	Probabilistic_Methods
815073	Probabilistic_Methods
1114222	Probabilistic_Methods
173884	Probabilistic_Methods
1102646	Probabilistic_Methods
63832	Probabilistic_Methods
211906	Probabilistic_Methods
83449	Probabilistic_Methods
2654	Probabilistic_Methods
815096	Probabilistic_Methods
277263	Probabilistic_Methods
1105505	Probabilistic_Methods
48550	Probabilistic_Methods
83461	Probabilistic_Methods
48555	Probabilistic_Methods
6238	Probabilistic_Methods
636500	Probabilistic_Methods
340078	Probabilistic_Methods
1113534	Probabilistic_Methods
578898	Probabilistic_Methods
1951	Probabilistic_Methods
1952	Probabilistic_Methods
1956	Probabilistic_Methods
636511	Probabilistic_Methods
463825	Probabilistic_Methods
1121569	Probabilistic_Methods
1105531	Probabilistic_Methods
14428	Probabilistic_Methods
14429	Probabilistic_Methods
74749	Probabilistic_Methods
14430	Probabilistic_Methods
14431	Probabilistic_Methods
1132434	Probabilistic_Methods
648121	Probabilistic_Methods
582511	Probabilistic_Methods
688849	Probabilistic_Methods
1997	Probabilistic_Methods
1131728	Probabilistic_Methods
1106298	Probabilistic_Methods
86359	Probabilistic_Methods
647413	Probabilistic_Methods
1120880	Probabilistic_Methods
1131734	Probabilistic_Methods
562940	Probabilistic_Methods
230879	Probabilistic_Methods
1104851	Probabilistic_Methods
1152075	Probabilistic_Methods
58758	Probabilistic_Methods
230884	Probabilistic_Methods
34082	Probabilistic_Methods
1132486	Probabilistic_Methods
39890	Probabilistic_Methods
66782	Probabilistic_Methods
218410	Probabilistic_Methods
647447	Probabilistic_Methods
1117184	Probabilistic_Methods
66794	Probabilistic_Methods
227178	Probabilistic_Methods
936	Probabilistic_Methods
940	Probabilistic_Methods
575292	Probabilistic_Methods
941	Probabilistic_Methods
1109185	Probabilistic_Methods
85688	Probabilistic_Methods
28202	Probabilistic_Methods
50807	Probabilistic_Methods
379288	Probabilistic_Methods
1154229	Probabilistic_Methods
1109199	Probabilistic_Methods
118682	Probabilistic_Methods
153598	Probabilistic_Methods
1154251	Probabilistic_Methods
62417	Probabilistic_Methods
1125909	Probabilistic_Methods
79809	Probabilistic_Methods
739280	Probabilistic_Methods
70441	Probabilistic_Methods
70442	Probabilistic_Methods
70444	Probabilistic_Methods
79817	Probabilistic_Methods
129558	Probabilistic_Methods
892139	Probabilistic_Methods
576725	Probabilistic_Methods
28254	Probabilistic_Methods
1246	Probabilistic_Methods
237376	Probabilistic_Methods
27531	Probabilistic_Methods
397488	Probabilistic_Methods
42847	Probabilistic_Methods
42848	Probabilistic_Methods
155736	Probabilistic_Methods
155738	Probabilistic_Methods
39124	Probabilistic_Methods
39127	Probabilistic_Methods
39130	Probabilistic_Methods
1153577	Probabilistic_Methods
335733	Probabilistic_Methods
28290	Probabilistic_Methods
18815	Probabilistic_Methods
1136814	Probabilistic_Methods
1120169	Probabilistic_Methods
82087	Probabilistic_Methods
178209	Probabilistic_Methods
139738	Probabilistic_Methods
82090	Probabilistic_Methods
18834	Probabilistic_Methods
39165	Probabilistic_Methods
190698	Probabilistic_Methods
1125992	Probabilistic_Methods
1109957	Probabilistic_Methods
46470	Probabilistic_Methods
46476	Probabilistic_Methods
1129570	Probabilistic_Methods
1071981	Probabilistic_Methods
1129573	Probabilistic_Methods
39199	Probabilistic_Methods
12337	Probabilistic_Methods
29723	Probabilistic_Methods
694759	Probabilistic_Methods
46491	Probabilistic_Methods
1128856	Probabilistic_Methods
1107010	Probabilistic_Methods
643199	Probabilistic_Methods
1104182	Probabilistic_Methods
12347	Probabilistic_Methods
63915	Probabilistic_Methods
519353	Probabilistic_Methods
608292	Probabilistic_Methods
1121603	Probabilistic_Methods
1130356	Probabilistic_Methods
12359	Probabilistic_Methods
192850	Probabilistic_Methods
7032	Probabilistic_Methods
1128881	Probabilistic_Methods
140569	Probabilistic_Methods
1114331	Probabilistic_Methods
7041	Probabilistic_Methods
561581	Probabilistic_Methods
561582	Probabilistic_Methods
192870	Probabilistic_Methods
1113614	Probabilistic_Methods
1102761	Probabilistic_Methods
116528	Probabilistic_Methods
561595	Probabilistic_Methods
94416	Probabilistic_Methods
5600	Probabilistic_Methods
1000012	Probabilistic_Methods
1114364	Probabilistic_Methods
1121659	Probabilistic_Methods
66809	Probabilistic_Methods
6343	Probabilistic_Methods
212777	Probabilistic_Methods
583318	Probabilistic_Methods
709518	Probabilistic_Methods
350319	Probabilistic_Methods
116553	Probabilistic_Methods
170338	Probabilistic_Methods
179706	Probabilistic_Methods
1112929	Probabilistic_Methods
656231	Probabilistic_Methods
14531	Probabilistic_Methods
1106370	Probabilistic_Methods
1109208	Probabilistic_Methods
1114398	Probabilistic_Methods
95188	Probabilistic_Methods
510718	Probabilistic_Methods
208345	Probabilistic_Methods
6378	Probabilistic_Methods
22563	Probabilistic_Methods
10981	Probabilistic_Methods
110041	Probabilistic_Methods
14549	Probabilistic_Methods
95198	Probabilistic_Methods
6385	Probabilistic_Methods
575331	Probabilistic_Methods
568045	Probabilistic_Methods
1136110	Probabilistic_Methods
1131828	Probabilistic_Methods
67584	Probabilistic_Methods
243274	Probabilistic_Methods
135464	Probabilistic_Methods
1105672	Probabilistic_Methods
93755	Probabilistic_Methods
756061	Probabilistic_Methods
522338	Probabilistic_Methods
219239	Probabilistic_Methods
61073	Probabilistic_Methods
262178	Probabilistic_Methods
686015	Probabilistic_Methods
1110024	Probabilistic_Methods
613409	Probabilistic_Methods
686030	Probabilistic_Methods
227286	Probabilistic_Methods
45061	Probabilistic_Methods
646836	Probabilistic_Methods
1108551	Probabilistic_Methods
13885	Probabilistic_Methods
1104999	Probabilistic_Methods
566653	Probabilistic_Methods
1127430	Probabilistic_Methods
299197	Probabilistic_Methods
1135455	Probabilistic_Methods
97377	Probabilistic_Methods
592826	Probabilistic_Methods
566664	Probabilistic_Methods
633030	Probabilistic_Methods
633031	Probabilistic_Methods
686061	Probabilistic_Methods
592830	Probabilistic_Methods
573964	Probabilistic_Methods
1155073	Probabilistic_Methods
17476	Probabilistic_Methods
17477	Probabilistic_Methods
190706	Probabilistic_Methods
28336	Probabilistic_Methods
573978	Probabilistic_Methods
1107861	Probabilistic_Methods
17488	Probabilistic_Methods
1128198	Probabilistic_Methods
1108597	Probabilistic_Methods
103515	Probabilistic_Methods
27623	Probabilistic_Methods
200480	Probabilistic_Methods
103529	Probabilistic_Methods
649730	Probabilistic_Methods
39210	Probabilistic_Methods
46501	Probabilistic_Methods
27632	Probabilistic_Methods
649739	Probabilistic_Methods
1119471	Probabilistic_Methods
103531	Probabilistic_Methods
470511	Probabilistic_Methods
509233	Probabilistic_Methods
236759	Probabilistic_Methods
237489	Probabilistic_Methods
1152944	Probabilistic_Methods
1118764	Probabilistic_Methods
643221	Probabilistic_Methods
212097	Probabilistic_Methods
608326	Probabilistic_Methods
643239	Probabilistic_Methods
1131116	Probabilistic_Methods
202639	Probabilistic_Methods
141324	Probabilistic_Methods
294145	Probabilistic_Methods
1128927	Probabilistic_Methods
561610	Probabilistic_Methods
561611	Probabilistic_Methods
147870	Probabilistic_Methods
248395	Probabilistic_Methods
1128935	Probabilistic_Methods
241133	Probabilistic_Methods
141342	Probabilistic_Methods
141347	Probabilistic_Methods
1128946	Probabilistic_Methods
1131164	Probabilistic_Methods
12439	Probabilistic_Methods
1131167	Probabilistic_Methods
1129683	Probabilistic_Methods
359067	Probabilistic_Methods
117315	Probabilistic_Methods
117316	Probabilistic_Methods
144212	Probabilistic_Methods
1106401	Probabilistic_Methods
1134022	Probabilistic_Methods
13193	Probabilistic_Methods
1131192	Probabilistic_Methods
1107136	Probabilistic_Methods
1131195	Probabilistic_Methods
1128982	Probabilistic_Methods
121792	Probabilistic_Methods
653441	Probabilistic_Methods
385251	Probabilistic_Methods
1126011	Probabilistic_Methods
1134031	Probabilistic_Methods
642593	Probabilistic_Methods
1115166	Probabilistic_Methods
737204	Probabilistic_Methods
118079	Probabilistic_Methods
1122460	Probabilistic_Methods
1114442	Probabilistic_Methods
589923	Probabilistic_Methods
1121739	Probabilistic_Methods
626574	Probabilistic_Methods
1126037	Probabilistic_Methods
645452	Probabilistic_Methods
753264	Probabilistic_Methods
1126044	Probabilistic_Methods
74920	Probabilistic_Methods
74921	Probabilistic_Methods
1105718	Probabilistic_Methods
48764	Probabilistic_Methods
48768	Probabilistic_Methods
1113742	Probabilistic_Methods
74937	Probabilistic_Methods
575402	Probabilistic_Methods
168958	Probabilistic_Methods
78508	Probabilistic_Methods
289085	Probabilistic_Methods
78511	Probabilistic_Methods
308232	Probabilistic_Methods
682508	Probabilistic_Methods
75691	Probabilistic_Methods
75693	Probabilistic_Methods
75694	Probabilistic_Methods
155158	Probabilistic_Methods
1105764	Probabilistic_Methods
1152259	Probabilistic_Methods
579008	Probabilistic_Methods
1128201	Probabilistic_Methods
1133390	Probabilistic_Methods
1118083	Probabilistic_Methods
78549	Probabilistic_Methods
604073	Probabilistic_Methods
595056	Probabilistic_Methods
1118092	Probabilistic_Methods
1125386	Probabilistic_Methods
78552	Probabilistic_Methods
78555	Probabilistic_Methods
78557	Probabilistic_Methods
646900	Probabilistic_Methods
595063	Probabilistic_Methods
648369	Probabilistic_Methods
1128227	Probabilistic_Methods
89416	Probabilistic_Methods
578306	Probabilistic_Methods
683294	Probabilistic_Methods
440815	Probabilistic_Methods
126867	Probabilistic_Methods
126868	Probabilistic_Methods
72056	Probabilistic_Methods
1119505	Probabilistic_Methods
1128256	Probabilistic_Methods
1108656	Probabilistic_Methods
71336	Probabilistic_Methods
1109392	Probabilistic_Methods
40886	Probabilistic_Methods
1115959	Probabilistic_Methods
578347	Probabilistic_Methods
284023	Probabilistic_Methods
345340	Probabilistic_Methods
621555	Probabilistic_Methods
118873	Probabilistic_Methods
8687	Probabilistic_Methods
226698	Probabilistic_Methods
578365	Probabilistic_Methods
1135589	Probabilistic_Methods
8696	Probabilistic_Methods
1118823	Probabilistic_Methods
411005	Probabilistic_Methods
509315	Probabilistic_Methods
171954	Probabilistic_Methods
230300	Probabilistic_Methods
1105011	Probabilistic_Methods
1121057	Probabilistic_Methods
592973	Probabilistic_Methods
592975	Probabilistic_Methods
48066	Probabilistic_Methods
248431	Probabilistic_Methods
1121063	Probabilistic_Methods
592986	Probabilistic_Methods
48075	Probabilistic_Methods
289885	Probabilistic_Methods
592993	Probabilistic_Methods
592996	Probabilistic_Methods
28489	Probabilistic_Methods
590022	Probabilistic_Methods
111676	Probabilistic_Methods
13205	Probabilistic_Methods
13208	Probabilistic_Methods
102938	Probabilistic_Methods
102939	Probabilistic_Methods
416867	Probabilistic_Methods
72805	Probabilistic_Methods
574009	Probabilistic_Methods
294239	Probabilistic_Methods
1131223	Probabilistic_Methods
77108	Probabilistic_Methods
5064	Probabilistic_Methods
5069	Probabilistic_Methods
1131230	Probabilistic_Methods
40125	Probabilistic_Methods
1123215	Probabilistic_Methods
20526	Probabilistic_Methods
20528	Probabilistic_Methods
77112	Probabilistic_Methods
107251	Probabilistic_Methods
107252	Probabilistic_Methods
5075	Probabilistic_Methods
126128	Probabilistic_Methods
734406	Probabilistic_Methods
40131	Probabilistic_Methods
703953	Probabilistic_Methods
40135	Probabilistic_Methods
1131257	Probabilistic_Methods
1123239	Probabilistic_Methods
1129778	Probabilistic_Methods
662250	Probabilistic_Methods
711994	Probabilistic_Methods
273949	Probabilistic_Methods
1131266	Probabilistic_Methods
1130539	Probabilistic_Methods
377303	Probabilistic_Methods
179180	Probabilistic_Methods
1129798	Probabilistic_Methods
1114512	Probabilistic_Methods
1110950	Reinforcement_Learning
12558	Probabilistic_Methods
853114	Probabilistic_Methods
853115	Probabilistic_Methods
853116	Probabilistic_Methods
853118	Probabilistic_Methods
1114526	Probabilistic_Methods
212930	Probabilistic_Methods
206371	Probabilistic_Methods
105856	Probabilistic_Methods
463	Probabilistic_Methods
20592	Probabilistic_Methods
51049	Probabilistic_Methods
20593	Probabilistic_Methods
83746	Probabilistic_Methods
124734	Probabilistic_Methods
106590	Probabilistic_Methods
1133417	Probabilistic_Methods
1125402	Probabilistic_Methods
1153024	Probabilistic_Methods
853155	Probabilistic_Methods
1118120	Probabilistic_Methods
1105810	Probabilistic_Methods
1113831	Probabilistic_Methods
646289	Probabilistic_Methods
1106546	Probabilistic_Methods
31479	Probabilistic_Methods
31483	Probabilistic_Methods
31489	Probabilistic_Methods
94639	Probabilistic_Methods
631015	Probabilistic_Methods
645571	Probabilistic_Methods
1106568	Probabilistic_Methods
430711	Probabilistic_Methods
7296	Probabilistic_Methods
1132731	Probabilistic_Methods
1153064	Probabilistic_Methods
93923	Probabilistic_Methods
1134197	Probabilistic_Methods
87363	Probabilistic_Methods
395540	Probabilistic_Methods
395547	Probabilistic_Methods
50381	Probabilistic_Methods
1129015	Probabilistic_Methods
126909	Probabilistic_Methods
143676	Probabilistic_Methods
395553	Probabilistic_Methods
752684	Probabilistic_Methods
1129021	Probabilistic_Methods
19045	Probabilistic_Methods
631052	Probabilistic_Methods
126912	Probabilistic_Methods
116790	Probabilistic_Methods
5869	Probabilistic_Methods
579108	Probabilistic_Methods
683355	Probabilistic_Methods
1105877	Probabilistic_Methods
59772	Probabilistic_Methods
243483	Probabilistic_Methods
126926	Probabilistic_Methods
155277	Probabilistic_Methods
1128314	Probabilistic_Methods
1105887	Probabilistic_Methods
1110209	Probabilistic_Methods
307656	Probabilistic_Methods
199571	Probabilistic_Methods
1152394	Probabilistic_Methods
60560	Probabilistic_Methods
595193	Probabilistic_Methods
990075	Probabilistic_Methods
119686	Probabilistic_Methods
1154520	Probabilistic_Methods
28504	Probabilistic_Methods
1154524	Probabilistic_Methods
1154525	Probabilistic_Methods
1129096	Probabilistic_Methods
1128369	Probabilistic_Methods
96845	Probabilistic_Methods
380341	Probabilistic_Methods
8766	Probabilistic_Methods
1110256	Probabilistic_Methods
55403	Probabilistic_Methods
389715	Probabilistic_Methods
1153816	Probabilistic_Methods
131317	Probabilistic_Methods
260979	Probabilistic_Methods
264556	Probabilistic_Methods
35852	Probabilistic_Methods
1119671	Probabilistic_Methods
1153853	Probabilistic_Methods
1112417	Probabilistic_Methods
1153860	Probabilistic_Methods
1153861	Probabilistic_Methods
35863	Probabilistic_Methods
1121176	Probabilistic_Methods
1131301	Probabilistic_Methods
1131305	Probabilistic_Methods
1105148	Probabilistic_Methods
134219	Probabilistic_Methods
671052	Probabilistic_Methods
1131312	Probabilistic_Methods
156794	Probabilistic_Methods
1153896	Probabilistic_Methods
1153899	Probabilistic_Methods
167656	Probabilistic_Methods
239829	Probabilistic_Methods
1104435	Probabilistic_Methods
187260	Probabilistic_Methods
231198	Probabilistic_Methods
1131334	Probabilistic_Methods
1131335	Probabilistic_Methods
142268	Probabilistic_Methods
504	Probabilistic_Methods
506	Probabilistic_Methods
228990	Probabilistic_Methods
228992	Probabilistic_Methods
1132073	Probabilistic_Methods
654326	Probabilistic_Methods
1116044	Probabilistic_Methods
1131359	Probabilistic_Methods
643485	Probabilistic_Methods
654339	Probabilistic_Methods
1107319	Probabilistic_Methods
132821	Probabilistic_Methods
360028	Probabilistic_Methods
214472	Probabilistic_Methods
646334	Probabilistic_Methods
653628	Probabilistic_Methods
1107325	Probabilistic_Methods
166989	Probabilistic_Methods
1111788	Probabilistic_Methods
151708	Probabilistic_Methods
118259	Probabilistic_Methods
32260	Probabilistic_Methods
137130	Probabilistic_Methods
92589	Probabilistic_Methods
118260	Probabilistic_Methods
124828	Probabilistic_Methods
141596	Probabilistic_Methods
197452	Probabilistic_Methods
646357	Probabilistic_Methods
1153106	Probabilistic_Methods
30817	Probabilistic_Methods
642798	Probabilistic_Methods
1130676	Probabilistic_Methods
1107355	Probabilistic_Methods
1118209	Probabilistic_Methods
987188	Probabilistic_Methods
87417	Probabilistic_Methods
23545	Probabilistic_Methods
23546	Probabilistic_Methods
1113926	Probabilistic_Methods
94713	Probabilistic_Methods
1107367	Probabilistic_Methods
987197	Probabilistic_Methods
521183	Probabilistic_Methods
1114664	Probabilistic_Methods
69296	Probabilistic_Methods
51180	Probabilistic_Methods
43165	Probabilistic_Methods
1132815	Probabilistic_Methods
1107385	Probabilistic_Methods
100197	Probabilistic_Methods
520471	Probabilistic_Methods
215912	Probabilistic_Methods
61312	Probabilistic_Methods
1129106	Probabilistic_Methods
43186	Probabilistic_Methods
1129111	Probabilistic_Methods
41732	Probabilistic_Methods
22869	Probabilistic_Methods
9513	Probabilistic_Methods
9515	Probabilistic_Methods
119712	Probabilistic_Methods
270456	Probabilistic_Methods
5959	Probabilistic_Methods
576362	Probabilistic_Methods
1153183	Probabilistic_Methods
22874	Probabilistic_Methods
22875	Probabilistic_Methods
22876	Probabilistic_Methods
1124837	Probabilistic_Methods
1132857	Probabilistic_Methods
594511	Probabilistic_Methods
22883	Probabilistic_Methods
238401	Probabilistic_Methods
1136449	Probabilistic_Methods
714208	Probabilistic_Methods
9559	Probabilistic_Methods
135798	Probabilistic_Methods
1152490	Probabilistic_Methods
1109566	Probabilistic_Methods
1103038	Probabilistic_Methods
177115	Probabilistic_Methods
523394	Probabilistic_Methods
1128453	Probabilistic_Methods
1109581	Probabilistic_Methods
101660	Probabilistic_Methods
101662	Probabilistic_Methods
9581	Probabilistic_Methods
9586	Probabilistic_Methods
1135750	Probabilistic_Methods
51934	Probabilistic_Methods
762980	Probabilistic_Methods
1153900	Probabilistic_Methods
593859	Probabilistic_Methods
714256	Probabilistic_Methods
8874	Probabilistic_Methods
25794	Probabilistic_Methods
75121	Probabilistic_Methods
28632	Probabilistic_Methods
1153922	Probabilistic_Methods
1119742	Probabilistic_Methods
63549	Probabilistic_Methods
1138619	Probabilistic_Methods
1102364	Probabilistic_Methods
28640	Probabilistic_Methods
28641	Probabilistic_Methods
409725	Probabilistic_Methods
292277	Probabilistic_Methods
606479	Probabilistic_Methods
1153942	Probabilistic_Methods
1153945	Probabilistic_Methods
1153946	Probabilistic_Methods
709113	Probabilistic_Methods
194609	Probabilistic_Methods
90470	Probabilistic_Methods
820661	Probabilistic_Methods
820662	Probabilistic_Methods
1105231	Probabilistic_Methods
73712	Probabilistic_Methods
54844	Probabilistic_Methods
684972	Probabilistic_Methods
134314	Probabilistic_Methods
735303	Probabilistic_Methods
824245	Probabilistic_Methods
195361	Probabilistic_Methods
529165	Probabilistic_Methods
1131414	Reinforcement_Learning
617378	Probabilistic_Methods
1120563	Probabilistic_Methods
47570	Probabilistic_Methods
684986	Probabilistic_Methods
735311	Probabilistic_Methods
187354	Probabilistic_Methods
1132157	Probabilistic_Methods
58436	Probabilistic_Methods
278403	Probabilistic_Methods
58453	Probabilistic_Methods
58454	Probabilistic_Methods
206524	Probabilistic_Methods
593104	Probabilistic_Methods
133628	Probabilistic_Methods
46887	Probabilistic_Methods
49720	Reinforcement_Learning
1131471	Probabilistic_Methods
643597	Probabilistic_Methods
1107418	Probabilistic_Methods
1129994	Probabilistic_Methods
573535	Probabilistic_Methods
814836	Probabilistic_Methods
1119004	Probabilistic_Methods
1134320	Probabilistic_Methods
1116181	Probabilistic_Methods
1108167	Probabilistic_Methods
1108169	Probabilistic_Methods
49753	Probabilistic_Methods
57773	Probabilistic_Methods
7430	Probabilistic_Methods
521251	Probabilistic_Methods
593155	Probabilistic_Methods
642894	Probabilistic_Methods
1126315	Probabilistic_Methods
1108175	Probabilistic_Methods
1059953	Probabilistic_Methods
521269	Probabilistic_Methods
1118302	Probabilistic_Methods
1130780	Probabilistic_Methods
1134346	Probabilistic_Methods
1134348	Probabilistic_Methods
1135082	Probabilistic_Methods
899085	Probabilistic_Methods
124952	Probabilistic_Methods
240791	Probabilistic_Methods
189571	Probabilistic_Methods
189572	Probabilistic_Methods
1126350	Probabilistic_Methods
189574	Probabilistic_Methods
177993	Probabilistic_Methods
27230	Probabilistic_Methods
1119078	Probabilistic_Methods
128540	Probabilistic_Methods
308529	Probabilistic_Methods
54131	Probabilistic_Methods
75983	Probabilistic_Methods
15670	Probabilistic_Methods
33818	Probabilistic_Methods
95594	Probabilistic_Methods
6782	Probabilistic_Methods
33823	Probabilistic_Methods
25805	Probabilistic_Methods
1153287	Probabilistic_Methods
596075	Probabilistic_Methods
817774	Probabilistic_Methods
18532	Probabilistic_Methods
18536	Probabilistic_Methods
235670	Probabilistic_Methods
235678	Probabilistic_Methods
235679	Probabilistic_Methods
739707	Probabilistic_Methods
17811	Probabilistic_Methods
503871	Probabilistic_Methods
235683	Probabilistic_Methods
1128531	Probabilistic_Methods
594649	Probabilistic_Methods
1128536	Probabilistic_Methods
1102400	Probabilistic_Methods
593921	Probabilistic_Methods
486840	Probabilistic_Methods
1127810	Probabilistic_Methods
503893	Probabilistic_Methods
399370	Probabilistic_Methods
387795	Probabilistic_Methods
220420	Probabilistic_Methods
593942	Probabilistic_Methods
8961	Probabilistic_Methods
645016	Probabilistic_Methods
481073	Probabilistic_Methods
11337	Probabilistic_Methods
578650	Probabilistic_Methods
1130069	Probabilistic_Methods
1127851	Probabilistic_Methods
124224	Probabilistic_Methods
37483	Probabilistic_Methods
578669	Probabilistic_Methods
1127863	Probabilistic_Methods
1135894	Probabilistic_Methods
645046	Probabilistic_Methods
22229	Probabilistic_Methods
149669	Probabilistic_Methods
365294	Probabilistic_Methods
169279	Probabilistic_Methods
1138755	Probabilistic_Methods
323128	Probabilistic_Methods
22241	Probabilistic_Methods
156977	Probabilistic_Methods
763010	Probabilistic_Methods
1120650	Probabilistic_Methods
1105344	Probabilistic_Methods
59244	Probabilistic_Methods
286500	Probabilistic_Methods
567005	Probabilistic_Methods
644361	Probabilistic_Methods
644363	Probabilistic_Methods
154023	Probabilistic_Methods
286513	Probabilistic_Methods
459206	Probabilistic_Methods
671269	Probabilistic_Methods
1105360	Probabilistic_Methods
1112650	Probabilistic_Methods
632796	Probabilistic_Methods
47682	Probabilistic_Methods
47683	Probabilistic_Methods
47684	Probabilistic_Methods
4637	Probabilistic_Methods
642920	Probabilistic_Methods
634902	Probabilistic_Methods
459213	Probabilistic_Methods
459214	Probabilistic_Methods
634904	Probabilistic_Methods
459216	Probabilistic_Methods
20821	Probabilistic_Methods
178718	Probabilistic_Methods
1108209	Probabilistic_Methods
1112665	Probabilistic_Methods
1104647	Probabilistic_Methods
1140289	Probabilistic_Methods
66563	Probabilistic_Methods
67292	Probabilistic_Methods
66564	Probabilistic_Methods
154047	Probabilistic_Methods
642930	Probabilistic_Methods
654519	Probabilistic_Methods
178727	Probabilistic_Methods
1135108	Probabilistic_Methods
593201	Probabilistic_Methods
162075	Probabilistic_Methods
593209	Probabilistic_Methods
107569	Probabilistic_Methods
1123530	Probabilistic_Methods
1135115	Probabilistic_Methods
1132285	Probabilistic_Methods
1131557	Probabilistic_Methods
162080	Probabilistic_Methods
3932	Probabilistic_Methods
593210	Probabilistic_Methods
118424	Probabilistic_Methods
1135122	Probabilistic_Methods
634938	Probabilistic_Methods
1131565	Probabilistic_Methods
20857	Probabilistic_Methods
118435	Probabilistic_Methods
118436	Probabilistic_Methods
643695	Probabilistic_Methods
1130847	Probabilistic_Methods
1111978	Probabilistic_Methods
1154012	Probabilistic_Methods
1108258	Probabilistic_Methods
49844	Probabilistic_Methods
49847	Probabilistic_Methods
189620	Probabilistic_Methods
189623	Probabilistic_Methods
1108267	Probabilistic_Methods
1050679	Probabilistic_Methods
634975	Probabilistic_Methods
1114838	Probabilistic_Methods
577227	Probabilistic_Methods
28026	Probabilistic_Methods
601561	Probabilistic_Methods
24476	Probabilistic_Methods
1026	Probabilistic_Methods
95642	Probabilistic_Methods
270600	Probabilistic_Methods
145384	Probabilistic_Methods
16461	Probabilistic_Methods
35335	Probabilistic_Methods
1138027	Probabilistic_Methods
1035	Probabilistic_Methods
1114864	Probabilistic_Methods
1154068	Probabilistic_Methods
449841	Probabilistic_Methods
1154071	Probabilistic_Methods
1106854	Probabilistic_Methods
210309	Probabilistic_Methods
801170	Probabilistic_Methods
251756	Probabilistic_Methods
645870	Probabilistic_Methods
144679	Probabilistic_Methods
1138043	Probabilistic_Methods
86923	Probabilistic_Methods
342802	Probabilistic_Methods
1152633	Probabilistic_Methods
711527	Probabilistic_Methods
684372	Probabilistic_Methods
216878	Probabilistic_Methods
62274	Probabilistic_Methods
72406	Probabilistic_Methods
101811	Probabilistic_Methods
246618	Probabilistic_Methods
1136631	Probabilistic_Methods
1152676	Probabilistic_Methods
235776	Probabilistic_Methods
57119	Probabilistic_Methods
119956	Probabilistic_Methods
948147	Probabilistic_Methods
739816	Probabilistic_Methods
3222	Probabilistic_Methods
1117786	Probabilistic_Methods
1110520	Probabilistic_Methods
36802	Probabilistic_Methods
3232	Probabilistic_Methods
3237	Probabilistic_Methods
1111265	Probabilistic_Methods
695284	Probabilistic_Methods
37541	Probabilistic_Methods
1110546	Probabilistic_Methods
71736	Probabilistic_Methods
1135955	Probabilistic_Methods
12155	Probabilistic_Methods
258259	Probabilistic_Methods
1114118	Probabilistic_Methods
606647	Probabilistic_Methods
12165	Probabilistic_Methods
1110563	Probabilistic_Methods
12169	Probabilistic_Methods
1133004	Probabilistic_Methods
1133008	Probabilistic_Methods
1102567	Probabilistic_Methods
12195	Probabilistic_Methods
28851	Probabilistic_Methods
644427	Probabilistic_Methods
1113438	Probabilistic_Methods
1121459	Probabilistic_Methods
689439	Probabilistic_Methods
633585	Probabilistic_Methods
31083	Probabilistic_Methods
6152	Probabilistic_Methods
1119987	Probabilistic_Methods
1114184	Probabilistic_Methods
82664	Probabilistic_Methods
82666	Probabilistic_Methods
672070	Probabilistic_Methods
672071	Probabilistic_Methods
632874	Probabilistic_Methods
1114192	Probabilistic_Methods
644470	Probabilistic_Methods
5462	Probabilistic_Methods
594011	Probabilistic_Methods
20924	Probabilistic_Methods
1131634	Probabilistic_Methods
1120786	Probabilistic_Methods
1112767	Probabilistic_Methods
180301	Probabilistic_Methods
160705	Probabilistic_Methods
628458	Probabilistic_Methods
628459	Probabilistic_Methods
1130915	Probabilistic_Methods
1116336	Probabilistic_Methods
390889	Probabilistic_Methods
57922	Probabilistic_Methods
594039	Probabilistic_Methods
13654	Probabilistic_Methods
57932	Probabilistic_Methods
73972	Probabilistic_Methods
198443	Probabilistic_Methods
60159	Probabilistic_Methods
101143	Probabilistic_Methods
101145	Probabilistic_Methods
763181	Probabilistic_Methods
44121	Probabilistic_Methods
593328	Probabilistic_Methods
259772	Probabilistic_Methods
189708	Probabilistic_Methods
60169	Probabilistic_Methods
24530	Probabilistic_Methods
467383	Probabilistic_Methods
20972	Probabilistic_Methods
13686	Probabilistic_Methods
152731	Probabilistic_Methods
118558	Probabilistic_Methods
118559	Probabilistic_Methods
1154123	Probabilistic_Methods
1154124	Probabilistic_Methods
1126503	Probabilistic_Methods
40583	Probabilistic_Methods
95719	Probabilistic_Methods
693143	Probabilistic_Methods
36131	Probabilistic_Methods
1123689	Probabilistic_Methods
6913	Probabilistic_Methods
256106	Probabilistic_Methods
36140	Probabilistic_Methods
1115670	Probabilistic_Methods
1108389	Probabilistic_Methods
6923	Probabilistic_Methods
6925	Probabilistic_Methods
36162	Probabilistic_Methods
62329	Probabilistic_Methods
36167	Probabilistic_Methods
6941	Probabilistic_Methods
245288	Probabilistic_Methods
62333	Probabilistic_Methods
189774	Probabilistic_Methods
1133846	Probabilistic_Methods
167205	Probabilistic_Methods
62347	Probabilistic_Methods
267003	Probabilistic_Methods
1114992	Probabilistic_Methods
1112026	Probabilistic_Methods
1119295	Probabilistic_Methods
1111304	Probabilistic_Methods
964248	Probabilistic_Methods
45603	Probabilistic_Methods
1109830	Probabilistic_Methods
1152761	Probabilistic_Methods
62389	Probabilistic_Methods
444191	Probabilistic_Methods
263482	Probabilistic_Methods
263486	Probabilistic_Methods
263498	Probabilistic_Methods
675756	Probabilistic_Methods
1125895	Probabilistic_Methods
627024	Probabilistic_Methods
12211	Probabilistic_Methods
643069	Probabilistic_Methods
1112075	Probabilistic_Methods
884094	Probabilistic_Methods
120817	Probabilistic_Methods
1110628	Probabilistic_Methods
18770	Probabilistic_Methods
18773	Probabilistic_Methods
173863	Probabilistic_Methods
1130243	Probabilistic_Methods
1102625	Probabilistic_Methods
63812	Probabilistic_Methods
18781	Probabilistic_Methods
18785	Probabilistic_Methods
1129494	Probabilistic_Methods
578845	Probabilistic_Methods
68115	Probabilistic_Methods
293271	Probabilistic_Methods
63835	Probabilistic_Methods
1919	Probabilistic_Methods
164	Probabilistic_Methods
293285	Probabilistic_Methods
12275	Probabilistic_Methods
1103383	Probabilistic_Methods
1114239	Probabilistic_Methods
6215	Probabilistic_Methods
288107	Probabilistic_Methods
385067	Probabilistic_Methods
1121537	Probabilistic_Methods
1103394	Probabilistic_Methods
6224	Probabilistic_Methods
2663	Probabilistic_Methods
104840	Probabilistic_Methods
632935	Probabilistic_Methods
1106236	Probabilistic_Methods
375605	Probabilistic_Methods
1132406	Probabilistic_Methods
28964	Probabilistic_Methods
308003	Probabilistic_Methods
47839	Probabilistic_Methods
753070	Probabilistic_Methods
563613	Probabilistic_Methods
1132416	Probabilistic_Methods
2695	Probabilistic_Methods
2696	Probabilistic_Methods
2698	Probabilistic_Methods
1105530	Probabilistic_Methods
1113551	Probabilistic_Methods
688824	Probabilistic_Methods
1138968	Probabilistic_Methods
1120858	Probabilistic_Methods
40605	Probabilistic_Methods
1132443	Probabilistic_Methods
1999	Probabilistic_Methods
33325	Probabilistic_Methods
644577	Probabilistic_Methods
66751	Probabilistic_Methods
594119	Probabilistic_Methods
1132461	Probabilistic_Methods
1115701	Probabilistic_Methods
1131741	Probabilistic_Methods
270085	Probabilistic_Methods
1136040	Probabilistic_Methods
1131752	Probabilistic_Methods
1131754	Probabilistic_Methods
4878	Probabilistic_Methods
1123756	Probabilistic_Methods
1135345	Probabilistic_Methods
1107728	Probabilistic_Methods
1154232	Probabilistic_Methods
1154233	Probabilistic_Methods
17363	Probabilistic_Methods
1213	Probabilistic_Methods
149139	Probabilistic_Methods
28230	Probabilistic_Methods
50838	Probabilistic_Methods
1125906	Probabilistic_Methods
32698	Probabilistic_Methods
754594	Probabilistic_Methods
1133930	Probabilistic_Methods
1115790	Probabilistic_Methods
28249	Probabilistic_Methods
1237	Probabilistic_Methods
684531	Probabilistic_Methods
238099	Probabilistic_Methods
131042	Probabilistic_Methods
444240	Probabilistic_Methods
1112106	Probabilistic_Methods
27535	Probabilistic_Methods
28267	Probabilistic_Methods
1120138	Probabilistic_Methods
1117920	Probabilistic_Methods
1125944	Probabilistic_Methods
1118658	Probabilistic_Methods
263553	Probabilistic_Methods
1125953	Probabilistic_Methods
114308	Probabilistic_Methods
630817	Probabilistic_Methods
687401	Probabilistic_Methods
594900	Probabilistic_Methods
10174	Probabilistic_Methods
73323	Probabilistic_Methods
46431	Probabilistic_Methods
202520	Probabilistic_Methods
15987	Probabilistic_Methods
10186	Probabilistic_Methods
294030	Probabilistic_Methods
675847	Probabilistic_Methods
190697	Probabilistic_Methods
576795	Probabilistic_Methods
1125993	Probabilistic_Methods
519318	Probabilistic_Methods
1120197	Probabilistic_Methods
1152896	Probabilistic_Methods
1122304	Probabilistic_Methods
2702	Probabilistic_Methods
1129572	Probabilistic_Methods
1112194	Probabilistic_Methods
29738	Probabilistic_Methods
1128868	Probabilistic_Methods
633721	Probabilistic_Methods
630890	Probabilistic_Methods
1123068	Probabilistic_Methods
561568	Probabilistic_Methods
733534	Probabilistic_Methods
1102751	Probabilistic_Methods
1114336	Probabilistic_Methods
1123087	Probabilistic_Methods
6311	Probabilistic_Methods
116512	Probabilistic_Methods
6318	Probabilistic_Methods
7047	Probabilistic_Methods
1123093	Probabilistic_Methods
1103499	Probabilistic_Methods
151430	Probabilistic_Methods
431206	Probabilistic_Methods
372862	Probabilistic_Methods
561593	Probabilistic_Methods
1106330	Probabilistic_Methods
1105603	Probabilistic_Methods
1132505	Probabilistic_Methods
74821	Probabilistic_Methods
6344	Probabilistic_Methods
116545	Probabilistic_Methods
733576	Probabilistic_Methods
1112911	Probabilistic_Methods
1105622	Probabilistic_Methods
1102794	Probabilistic_Methods
262108	Probabilistic_Methods
116552	Probabilistic_Methods
41417	Probabilistic_Methods
1140543	Probabilistic_Methods
14529	Probabilistic_Methods
1117219	Probabilistic_Methods
1107095	Probabilistic_Methods
1140548	Probabilistic_Methods
523010	Probabilistic_Methods
42156	Probabilistic_Methods
262121	Probabilistic_Methods
22564	Probabilistic_Methods
14545	Probabilistic_Methods
22566	Probabilistic_Methods
1106388	Probabilistic_Methods
429781	Probabilistic_Methods
335042	Probabilistic_Methods
219218	Probabilistic_Methods
610529	Reinforcement_Learning
250566	Probabilistic_Methods
1104946	Probabilistic_Methods
195792	Probabilistic_Methods
1152179	Probabilistic_Methods
89308	Probabilistic_Methods
350373	Probabilistic_Methods
628667	Probabilistic_Methods
628668	Probabilistic_Methods
102061	Probabilistic_Methods
430574	Probabilistic_Methods
1107808	Probabilistic_Methods
1110028	Probabilistic_Methods
45052	Probabilistic_Methods
89335	Probabilistic_Methods
252715	Probabilistic_Methods
4983	Probabilistic_Methods
646837	Probabilistic_Methods
1139009	Probabilistic_Methods
252725	Probabilistic_Methods
593544	Probabilistic_Methods
299195	Probabilistic_Methods
593559	Probabilistic_Methods
1108570	Reinforcement_Learning
272345	Probabilistic_Methods
593560	Probabilistic_Methods
70520	Probabilistic_Methods
131122	Probabilistic_Methods
8591	Probabilistic_Methods
217852	Probabilistic_Methods
264347	Probabilistic_Methods
7867	Probabilistic_Methods
27612	Probabilistic_Methods
1152917	Probabilistic_Methods
28359	Probabilistic_Methods
103528	Probabilistic_Methods
46500	Probabilistic_Methods
27631	Probabilistic_Methods
289779	Probabilistic_Methods
103537	Probabilistic_Methods
633081	Probabilistic_Methods
255628	Probabilistic_Methods
397590	Probabilistic_Methods
1129610	Probabilistic_Methods
50980	Probabilistic_Methods
28385	Probabilistic_Methods
427606	Probabilistic_Methods
616336	Probabilistic_Methods
1120252	Probabilistic_Methods
1152958	Probabilistic_Methods
1152959	Probabilistic_Methods
1385	Probabilistic_Methods
254923	Probabilistic_Methods
34961	Probabilistic_Methods
46547	Probabilistic_Methods
13136	Probabilistic_Methods
1131137	Probabilistic_Methods
233106	Probabilistic_Methods
561613	Probabilistic_Methods
1131149	Probabilistic_Methods
1104258	Probabilistic_Methods
1152991	Probabilistic_Methods
447250	Probabilistic_Methods
115188	Probabilistic_Methods
102879	Probabilistic_Methods
1131150	Probabilistic_Methods
56708	Probabilistic_Methods
1128943	Probabilistic_Methods
134060	Probabilistic_Methods
102884	Probabilistic_Methods
1131163	Probabilistic_Methods
4274	Probabilistic_Methods
1131172	Probabilistic_Methods
767763	Probabilistic_Methods
152226	Probabilistic_Methods
152227	Probabilistic_Methods
626530	Probabilistic_Methods
626531	Probabilistic_Methods
1131180	Probabilistic_Methods
1130454	Probabilistic_Methods
1131184	Probabilistic_Methods
1128974	Probabilistic_Methods
1128975	Probabilistic_Methods
1128977	Probabilistic_Methods
1128978	Probabilistic_Methods
117328	Probabilistic_Methods
24043	Probabilistic_Methods
